epoch,time,train/box_loss,train/cls_loss,train/dfl_loss,metrics/precision(B),metrics/recall(B),metrics/mAP50(B),metrics/mAP50-95(B),val/box_loss,val/cls_loss,val/dfl_loss,lr/pg0,lr/pg1,lr/pg2
1,522.416,1.27847,2.26839,1.13153,0.81156,0.69565,0.78917,0.56606,0.97828,1.82599,1.21458,0.000660714,0.000660714,0.000660714
2,1116.2,1.36897,1.61481,1.2111,0.77227,0.68478,0.7364,0.44737,1.32787,2.15258,1.5208,0.0013011,0.0013011,0.0013011
3,1735.04,1.40338,1.38811,1.21855,0.91581,0.68478,0.82086,0.54757,1.14121,1.47632,1.42452,0.00191508,0.00191508,0.00191508
